,p,dim,dfs_avg_node,dfs_success,bfs_avg_node,bfs_success,e_astar_avg_node,e_astar_success,m_astar_avg_node,m_astar_success
0,0.1,160,356.8585859,99,318,99,318,99,318,99
1,0.2,160,422.2307692,78,318.1025641,78,318.1025641,78,318.1025641,78
2,0.3,160,579.6086957,46,322.8695652,46,322.8695652,46,322.8695652,46
