,p,dim,dfs_avg_node,dfs_success,bfs_avg_node,bfs_success,e_astar_avg_node,e_astar_success,m_astar_avg_node,m_astar_success
0,0.1,160,355.9387755102041,98,318.0,98,318.0,98,318.0,98
1,0.2,160,422.6144578313253,83,318.0,83,318.0,83,318.0,83
2,0.3,160,567.8888888888889,45,320.93333333333334,45,320.93333333333334,45,320.93333333333334,45
