,p,dim,dfs_avg_node,dfs_success,bfs_avg_node,bfs_success,e_astar_avg_node,e_astar_success,m_astar_avg_node,m_astar_success
0,0.1,160,356.1020408,98,318,98,318,98,318,98
1,0.2,160,418.5952381,84,318.0238095,84,318.0238095,84,318.0238095,84
2,0.3,160,557.9285714,56,321.7857143,56,321.7857143,56,321.7857143,56
