,p,dim,dfs_avg_time,dfs_success,bfs_avg_time,bfs_success,e_astar_avg_time,e_astar_success,m_astar_avg_time,m_astar_success
0,0.1,150,0.0509957472483317,3,0.16506298383076987,3,26.03709324200948,3,25.92686454455058,3
1,0.2,150,0.005334377288818359,2,0.0006658236185709635,3,11.510019222895304,2,11.307796398798624,2
2,0.3,150,1.3702303568522136,1,0.0006670157114664713,3,6.793505907058716,1,6.988721450169881,1
3,0.4,150,0.1066591739654541,0,0.0,3,0.9866085052490234,0,0.983273983001709,0
4,0.5,150,0.0033324559529622397,0,0.003333489100138346,3,0.0,0,0.0,0
5,0.6,150,0.0,0,0.0,3,0.0,0,0.0,0
6,0.7,150,0.0,0,0.0,3,0.0,0,0.0,0
7,0.8,150,0.0,0,0.0033331712086995444,3,0.0,0,0.0,0
8,0.9,150,0.0,0,0.0,3,0.0,0,0.0,0
