,p,dim,dfs_avg_time,dfs_success,bfs_avg_time,bfs_success,e_astar_avg_time,e_astar_success,m_astar_avg_time,m_astar_success
0,0.1,160,0.0026651223500569663,3,0.13482904434204102,3,55.90803758303324,3,50.68581779797872,3
1,0.2,160,0.003997008005777995,3,0.0009990533192952473,3,25.89326508839925,3,27.191479047139484,3
2,0.3,160,1.7663994630177815,1,0.0006663799285888672,3,9.26435120900472,1,10.228759209314982,1
3,0.4,160,0.0013302167256673176,0,0.00099945068359375,3,0.0006664594014485677,0,0.0009989738464355469,0
4,0.5,160,0.0013332366943359375,0,0.0013318061828613281,3,0.0,0,0.00033322970072428387,0
5,0.6,160,0.000667730967203776,0,0.0010050137837727864,3,0.00033362706502278644,0,0.0,0
6,0.7,160,0.0009980201721191406,0,0.0009992917378743489,3,0.00033322970072428387,0,0.00033354759216308594,0
7,0.8,160,0.0006663799285888672,0,0.0029985904693603516,3,0.0003330707550048828,0,0.0,0
8,0.9,160,0.0,0,0.0,3,0.0,0,0.0,0
