,p,dim,dfs_avg_time,dfs_success,bfs_avg_time,bfs_success,e_astar_avg_time,e_astar_success,m_astar_avg_time,m_astar_success
0,0.1,180,0.06666318575541179,3,0.1544515291849772,3,61.673640727996826,3,62.46223489443461,3
1,0.2,180,0.003333489100138346,2,0.0,3,26.457221031188965,2,25.99180293083191,2
2,0.3,180,2.5447548230489097,1,0.0033267339070638022,3,16.149998267491657,1,15.637082974116007,1
3,0.4,180,0.0,0,0.0,3,0.0,0,0.0,0
4,0.5,180,0.0,0,0.0,3,0.0,0,0.0,0
5,0.6,180,0.0,0,0.0033268133799235025,3,0.0,0,0.0,0
6,0.7,180,0.0033336480458577475,0,0.0,3,0.0,0,0.0,0
7,0.8,180,0.003333886464436849,0,0.0,3,0.0,0,0.0,0
8,0.9,180,0.0,0,0.0,3,0.0,0,0.003333489100138346,0
