,p,dim,dfs_avg_time,dfs_success,bfs_avg_time,bfs_success,e_astar_avg_time,e_astar_success,m_astar_avg_time,m_astar_success
0,0.1,210,0.0079954465230306,5,0.35683449109395343,5,232.88302103678384,5,246.50010871887207,5
1,0.2,210,20.3508247534434,1,0.0,5,90.34988323847453,1,88.73244937260945,1
2,0.3,210,0.18034895261128744,5,0.003333409627278646,5,60.08251643180847,5,60.16939242680868,5
3,0.4,210,0.0033271312713623047,0,0.003326892852783203,5,0.006666819254557292,0,0.009999434153238932,0
4,0.5,210,0.003333012262980143,0,0.00333253542582194,5,0.0,0,0.0,0
5,0.6,210,0.003338893254597982,0,0.003332932790120443,5,0.0033271312713623047,0,0.0,0
6,0.7,210,0.0,0,0.0033327738444010415,5,0.0,0,0.0,0
7,0.8,210,0.006660064061482747,0,0.0033272107442220054,5,0.0,0,0.0,0
8,0.9,210,0.00333253542582194,0,0.003338972727457682,5,0.0,0,0.0,0
