,p,dim,dfs_avg_time,dfs_success,bfs_avg_time,bfs_success,e_astar_avg_time,e_astar_success,m_astar_avg_time,m_astar_success
0,0.1,200,18.080219348271687,2,0.22971836725870767,3,130.94985230763754,2,117.54370021820068,2
1,0.2,200,0.0033342838287353516,2,0.0,3,49.44022488594055,2,48.128820260365806,2
2,0.3,200,0.020004828770955402,2,0.0,3,19.873567819595337,2,21.62641191482544,2
3,0.4,200,0.16999006271362305,0,0.0033327738444010415,3,1.6232367356618245,0,1.7165639400482178,0
4,0.5,200,0.0,0,0.003333012262980143,3,0.0,0,0.0,0
5,0.6,200,0.0,0,0.0,3,0.0,0,0.0,0
6,0.7,200,0.006665945053100586,0,0.0,3,0.0,0,0.0,0
7,0.8,200,0.0033336480458577475,0,0.003333012262980143,3,0.0,0,0.0,0
8,0.9,200,0.0033331712086995444,0,0.0,3,0.0,0,0.0,0
