,p,dim,dfs_avg_time,dfs_success,bfs_avg_time,bfs_success,e_astar_avg_time,e_astar_success,m_astar_avg_time,m_astar_success
0,0.1,25,0.0002499222755432129,47,0.0017790985107421875,47,0.02270501375198364,47,0.02339271068572998,47
1,0.2,25,0.00017975568771362306,47,0.001329810619354248,47,0.013641910552978516,47,0.013462259769439697,47
2,0.3,25,0.000590362548828125,21,0.0006492209434509278,21,0.00607682466506958,21,0.005996177196502686,21
3,0.4,25,0.00029886722564697265,0,7.991313934326172e-05,0,0.0008197236061096192,0,0.0007702112197875977,0
4,0.5,25,0.00010042190551757812,0,1.983165740966797e-05,0,0.00013991355895996095,0,0.00017955303192138672,0
5,0.6,25,4.0128231048583985e-05,0,4.028081893920898e-05,0,8.969545364379882e-05,0,3.9656162261962894e-05,0
6,0.7,25,9.9945068359375e-06,0,6.015300750732422e-05,0,4.016399383544922e-05,0,0.0,0
7,0.8,25,4.015445709228515e-05,0,1.9793510437011718e-05,0,2.998828887939453e-05,0,1.9984245300292967e-05,0
8,0.9,25,1.981496810913086e-05,0,1.9991397857666014e-05,0,1.9981861114501954e-05,0,0.0,0
