,p,dim,dfs_avg_time,dfs_success,bfs_avg_time,bfs_success,e_astar_avg_time,e_astar_success,m_astar_avg_time,m_astar_success
0,0.1,50,0.07666174570719402,9,0.029996156692504883,9,1.2135069370269775,9,1.2446115811665852,9
1,0.2,50,0.04667003949483236,7,0.023312886555989582,7,0.6399796803792318,7,0.6466162999471029,7
2,0.3,50,0.019998470942179363,5,0.016680240631103516,5,0.269964059193929,5,0.27332234382629395,5
3,0.4,50,0.00666038195292155,0,0.010005474090576172,0,0.04999621709187826,0,0.05333089828491211,0
4,0.5,50,0.0,0,0.0,0,0.0,0,0.0,0
5,0.6,50,0.0,0,0.0,0,0.0033331712086995444,0,0.0,0
6,0.7,50,0.0,0,0.0,0,0.0,0,0.0,0
7,0.8,50,0.0,0,0.0,0,0.0,0,0.0,0
8,0.9,50,0.0,0,0.0,0,0.0,0,0.0,0
